w,rd,gra,sil,silNP
-2.5,0.029056805315231703,0.003676403579073823,0.00369252339172598,0.002508680713660774
-2.495,0.031068346142396765,0.003796647818047408,0.003812297480517809,0.0025845627961911775
-2.49,0.03326588021054944,0.00392182179384053,0.0039369507506327355,0.002663272709321175
-2.485,0.0356711431207461,0.004052172658171908,0.00406672648223587,0.0027449372563053964
-2.48,0.03830894032463106,0.0041879623915364985,0.004201882478886569,0.0028296899489150115
-2.475,0.0412076522561768,0.00432946884796901,0.004342692085927596,0.0029176714192237214
-2.47,0.044399833112067924,0.004476986884831016,0.004489445291371837,0.0030090298603037847
-2.465,0.047922922130461246,0.004630829585500542,0.004642449916897821,0.003103921498125356
-2.46,0.05182009011728739,0.004791329583665109,0.004802032907355106,0.003202511097155653
-2.455,0.05614124860175003,0.004958840498835429,0.0049685417280621175,0.003304972502377937
-2.45,0.06094425443308771,0.005133738493721244,0.005142345880162735,0.0034114892206956477
-2.445,0.0662963488696023,0.005316423965256707,0.005323838545408959,0.003522255044957295
-2.44,0.07227587715704481,0.005507323382345067,0.005513438372967829,0.003637474724134739
-2.435,0.0789743419346866,0.005706891284831741,0.005711591422232044,0.003757364683515556
-2.43,0.08649885085367397,0.005915612459828287,0.005918773277160956,0.0038821537991307374
-2.425,0.09497502419739524,0.006134004313325486,0.006135491349419741,0.004012084231038571
-2.42,0.1045504295982603,0.006362619457075115,0.006362287389539832,0.004147412320525354
-2.415,0.11539860383829756,0.006602048533021185,0.006599740227528098,0.004288409556771116
-2.41,0.12772369886281093,0.006852923300157016,0.006848468766836182,0.004435363619067422
-2.405,0.14176573832830566,0.00711592001161677,0.007109135258407291,0.004588579501271458
-2.4,0.15780637242563278,0.007391763113127713,0.007382448884689152,0.004748380725842806
-2.395,0.1761748409428068,0.00768122929770697,0.007669169687093437,0.004915110655544285
-2.39,0.19725354925475005,0.007985151955748705,0.007970112874452335,0.005089133911704432
-2.385,0.22148215802523386,0.008304426064490594,0.008286153554646123,0.005270837908847342
-2.38,0.2493582869345064,0.008640013566357003,0.008618231936830686,0.005460634516506203
-2.375,0.2814317160291787,0.00899294929195258,0.0089673590576787,0.005658961860163427
-2.37,0.31828722458228026,0.009364347490642414,0.009334623091872482,0.005866286274516241
-2.365,0.3605089240693297,0.009755409039839645,0.009721196314882063,0.006083104423670436
-2.36,0.4086164081433533,0.010167429413490976,0.01012834279497817,0.006309945604433126
-2.355,0.4629612356233758,0.010601807500990998,0.010557426901647174,0.006547374250631445
-2.35,0.5235734308084007,0.011060055380094233,0.011009922729300688,0.006795992658351607
-2.345,0.5899558812084971,0.01154380916157926,0.011487424548649518,0.007056443954198915
-2.34,0.6608451729409591,0.012054841039773166,0.01199165841363498,0.007329415331159601
-2.335,0.7339940931339262,0.012595072701912341,0.012524495069709837,0.0076156415794310164
-2.33,0.8060774105615593,0.013166590271139084,0.013087964329950642,0.007915908942726646
-2.325,0.8728518925540455,0.013771660983207187,0.013684271109425314,0.008231059334099252
-2.32,0.929667082625143,0.014412751826302122,0.014315813336009188,0.008561994949319173
-2.315,0.9722906558366342,0.015092550407481548,0.014985201988101798,0.008909683320358538
-2.31,0.9978191661566567,0.015813988348961815,0.015695283547245545,0.009275162856640304
-2.305,1.005323167775272,0.016580267563827238,0.016449165197431698,0.009659548927499687
-2.3,0.9959544850255924,0.017394889814936632,0.01725024315404008,0.010064040545875778
-2.295,0.9725006187685671,0.018261690024291278,0.018102234565244714,0.010489927720717572
-2.29,0.9386234380697726,0.019184873874655776,0.01900921349896239,0.010938599554086319
-2.285,0.8980981467551178,0.02016906033287237,0.019975651610971826,0.011411553168621748
-2.28,0.8542698266286994,0.021219329827600178,0.02100646418703975,0.011910403562096427
-2.275,0.809786465504907,0.022341278936173197,0.022107062366585967,0.012436894498423154
-2.27,0.7665549847037851,0.023541082579564228,0.023283412491011783,0.012992910558955394
-2.265,0.7258289563359172,0.024825564895486416,0.024542103680427946,0.013580490494520033
-2.26,0.6883489184369553,0.026202280162814406,0.025890424933142555,0.014201842037694893
-2.255,0.6544853385493024,0.027679605392236458,0.027336453268924338,0.014859358356785052
-2.25,0.6243604341670442,0.02926684648621521,0.02888915470707934,0.015555636358249568
-2.245,0.5979419878729038,0.030974360215435287,0.030558500192593326,0.016293497073532306
-2.24,0.575110923947648,0.03281369467049601,0.03235559896877233,0.01707600840003437
-2.235,0.5557076636520648,0.034797751340599405,0.03429285235592454,0.01790651050510934
-2.23,0.5395627079100889,0.03694097256224066,0.03638413144839753,0.018788644247403164
-2.225,0.5265161459904282,0.039259558790753095,0.03864498290567896,0.01972638302271284
-2.22,0.5164297221957311,0.0417717210003234,0.04109286781005108,0.020724068503118566
-2.215,0.5091940906126473,0.0444979745428552,0.04374743952070628,0.021786450810043986
-2.21,0.5047330753118482,0.04746148202710031,0.04663086760456504,0.022918733746001105
-2.205,0.5030061371687067,0.05068845425685858,0.04976821630516979,0.024126625808355402
-2.2,0.5040097909418483,0.054208620036504,0.05318788766657419,0.025416397824217438
-2.195,0.5077783676170358,0.05805577776453381,0.056922141408269115,0.026794948181818046
-2.19,0.5143842274788095,0.06226844424508117,0.06100770600288231,0.0282698767943913
-2.185,0.5239372510425602,0.06689061910580618,0.06548649819432649,0.029849569122459785
-2.18,0.5365831197383892,0.0719726866605657,0.07040647145751747,0.031543291805241874
-2.175,0.552499494554289,0.07757248101344934,0.07582261767019899,0.033361301718701185
-2.17,0.5718886524857296,0.08375654463099265,0.08179815053011029,0.03531497059499929
-2.165,0.594964391525036,0.09060161537691543,0.08840590391516581,0.03741692771614426
-2.16,0.6219300284719166,0.0981963817984396,0.0957299832163203,0.03968122364597822
-2.155,0.6529431222953531,0.10664355066390566,0.10386771219080529,0.04212351850466804
-2.15,0.688061364971005,0.11606227326071551,0.11293192118699305,0.044761298937172025
-2.145,0.7271634633830929,0.12659097581807188,0.12305362308528686,0.047614128704562886
-2.14,0.7698400205014311,0.13839063130849547,0.1343851182483396,0.05070393876230595
-2.135,0.8152546071689086,0.15164848931244884,0.14710355460995791,0.054055363816512964
-2.13,0.8619875116533572,0.16658223865916794,0.16141493626830028,0.057696133708925054
-2.125,0.9078968130820233,0.183444499888738,0.17755851153658458,0.06165752962391608
-2.12,0.9500619946289254,0.20252740881353137,0.19581136031606247,0.06597491709649689
-2.115,0.9849019295658302,0.22416682434823537,0.21649281151619085,0.07068837020164478
-2.11,1.0085534471868256,0.24874532274891353,0.23996801005230034,0.0758434042085953
-2.105,1.017524123470639,0.2766925555294024,0.2666494566286034,0.08149183749038619
-2.1,1.0094885742470676,0.3084806585049881,0.29699457787246913,0.08769280770576737
-2.095,0.98395005762382,0.34461110666550265,0.3314962510287439,0.09451397234814535
-2.09,0.9424655552124404,0.38558765445922066,0.3706616242320407,0.10203292982365691
-2.085,0.8883041427793366,0.4318678754244936,0.41497255709061986,0.11033890441321573
-2.08,0.8256824222916468,0.4837837958907906,0.464818854621789,0.11953474690004443
-2.075,0.7588998671611752,0.5414214734463704,0.5203940985037323,0.12973931234292665
-2.07,0.6916707999766845,0.6044527031758531,0.5815453403166252,0.1410902873380883
-2.065,0.6267841123587055,0.671923590622424,0.647575862760189,0.15374755075370328
-2.06,0.5660579303404687,0.7420294259686203,0.7170195728340808,0.1678971634576854
-2.055,0.5104770372608406,0.8119445335202012,0.7874398359377258,0.18375609224563894
-2.05,0.46040138914536516,0.877818755786696,0.8553496246949748,0.20157777780464703
-2.045,0.4157715940450088,0.9350669305522563,0.9163801037201135,0.22165865048490715
-2.04,0.37627658213136217,0.9790170026110517,0.9657970348200826,0.2443456712944209
-2.035,0.34147530773038776,1.0058242725409534,0.9993404718344673,0.2700449129138969
-2.03,0.3108776324119976,1.013366085695107,1.0141690143619215,0.29923107066480437
-2.025,0.2839939441899613,1.0017500316729944,1.0095488714508307,0.33245756491805256
-2.02,0.26036293382442804,0.9732098675592742,0.9869839221433226,0.37036650042340225
-2.015,0.2395651111425176,0.9314583725389805,0.9497418390385325,0.41369708900144797
-2.01,0.22122754772410827,0.8808032298765232,0.9020150820222597,0.4632900850956887
-2.005,0.2050235523817352,0.8253607278199049,0.8480666933882378,0.5200841549274446
-2.,0.19066965870630204,0.7685591873695223,0.7916167937986726,0.5850977129567099
-1.995,0.17792138575509592,0.7129502589552469,0.7355471370254545,0.6593865045007595
-1.99,0.16656862878361733,0.6602422246746651,0.6818656024353578,0.7439632765105104
-1.985,0.15643115426252405,0.6114477904951398,0.6318233822001303,0.8396621792204502
-1.98,0.14735443902358247,0.5670639539061896,0.5860903966574087,0.9469294498845099
-1.975,0.1392059546503274,0.5272373118852808,0.5449294599134703,1.0655280901191193
-1.97,0.1318719194966135,0.49189622527152166,0.5083416564260199,1.1941646825961494
-1.965,0.12525449866562563,0.46084767854997655,0.47617598159940133,1.3300880394243255
-1.96,0.11926941207965394,0.4338440416426711,0.44820655594787007,1.4687709343425202
-1.955,0.11384390317909668,0.4106269757909737,0.42418432716394017,1.603846367325184
-1.95,0.10891502016497535,0.3909552489511118,0.4038703728683751,1.7274808045347478
-1.945,0.10442816466505109,0.37462188322074247,0.3870567630937548,1.8312752977046083
-1.94,0.1003358672856372,0.36146463937623524,0.37357949513238403,1.907586522987267
-1.935,0.0965967545931902,0.3513726519353285,0.3633267182980862,1.950938486369724
-1.93,0.09317467705088366,0.3442911224885399,0.3562444475502169,1.9590864815431703
-1.925,0.0900379720189818,0.34022532005355033,0.3523412061200858,1.9333787793705315
-1.92,0.0871588399921744,0.33924465283575456,0.35169246866008846,1.878307812013568
-1.915,0.08451281576746991,0.341487186603982,0.3544453122094431,1.800436537845307
-1.91,0.0820783192387265,0.34716460848420094,0.3608232297674602,1.707086533061354
-1.905,0.07983627304815524,0.35656718025318646,0.3711305171642149,1.6051874127754715
-1.9,0.07776977644916472,0.37006758297416065,0.3857548859197891,1.5005318365642362
-1.895,0.0758638265068412,0.3881215901134689,0.40516583677375284,1.3974739347028984
-1.89,0.0741050792361298,0.4112620628221034,0.42990469295740896,1.2989653990371033
-1.885,0.07248164450143113,0.44008069937108646,0.4605599271096147,1.2067789510519336
-1.88,0.07098290951646377,0.4751892827408283,0.4977186075607716,1.1217936753080608
-1.875,0.06959938662531134,0.5171492406242938,0.5418820483982376,1.0442652186729957
-1.87,0.06832258174435925,0.5663564234669427,0.5933327662866359,0.974046590135781
-1.865,0.06714488042521051,0.6228699522941659,0.6519440963182737,0.910752553993684
-1.86,0.0660594489812702,0.6861846938731597,0.7169387578112802,0.8538739991353741
-1.855,0.06506014852254566,0.7549724065394042,0.786633840808518,0.8028531354815083
-1.85,0.0641414600783898,0.826859281556338,0.8582563528528426,0.757130275976417
-1.845,0.06329841926796284,0.8983562973078024,0.927957491712526,0.7161710875509977
-1.84,0.0625265592126393,0.9650786679326019,0.991152947291793,0.6794809782492063
-1.835,0.06182186058124979,1.0223312126829085,1.0432232573581275,0.6466113359308207
-1.83,0.06118070782437665,1.0659768566306556,1.0804255144765909,0.617160818483597
-1.825,0.06059985079320948,1.093314413110573,1.1006969928988093,0.5907737986584509
-1.82,0.060076371056094334,1.103616663636547,1.1040218657834886,0.5671373076030057
-1.815,0.059607652325482055,1.0981168213414185,1.092231054846478,0.5459773121281003
-1.81,0.0591913544924862,1.0795012016578633,1.0683778173576488,0.5270548275324568
-1.805,0.058825390838168526,1.051172323389065,1.0359843551072103,0.5101621542255006
-1.8,0.058507908052039204,1.0165686901333153,0.9984189017543927,0.4951193923048929
-1.795,0.05823726874078697,0.9787078609013515,0.9585213549877201,0.48177130606347396
-1.79,0.05801203615538003,0.9399773911157222,0.9184655106583516,0.46998456159775204
-1.785,0.05783096090357409,0.9021126597776221,0.8797826825545882,0.4596453330538237
-1.78,0.0576929694485481,0.8662797413399851,0.8434664651548279,0.4506572586332953
-1.775,0.057597154223684804,0.8331977116430083,0.8101007136876929,0.4429397211840473
-1.77,0.05754276521914285,0.8032607167054857,0.7799786438142178,0.43642642677149024
-1.765,0.05752920291843061,0.7766415316217048,0.7532000248041939,0.43106425602395776
-1.76,0.057556012483202176,0.7533716500955563,0.7297444265123533,0.42681236600472283
-1.755,0.057622879102399924,0.7333995769263439,0.7095234999462665,0.42364152410643996
-1.75,0.05772962443804874,0.7166314448494497,0.6924168091799889,0.42153365951847555
-1.745,0.05787620411479988,0.7029583676504061,0.6782955920431198,0.420481621887982
-1.74,0.0580627062140298,0.6922743307755663,0.6670380587676903,0.42048914067521004
-1.735,0.05828935074618734,0.6844875657308465,0.6585389602499419,0.4215709822069784
-1.73,0.05855649008740239,0.6795275441174,0.6527153819766032,0.42375330433281866
-1.725,0.05886461037834571,0.6773490555836166,0.6495101027737835,0.42707421055020767
-1.72,0.05921433389519322,0.6779343055620171,0.6488933888048102,0.4315845059563142
-1.715,0.05960642241450608,0.6812935518252684,0.6508637381722421,0.4373486555519088
-1.71,0.06004178160611557,0.6874644508435342,0.6554478104094189,0.44444593991686965
-1.705,0.06052146650092069,0.696509960817987,0.6626995295150658,0.45297179197512605
-1.7,0.061046688094104254,0.7085143032993869,0.6726981020188509,0.4630392781796221
-1.695,0.06161882115890194,0.7235760747047836,0.6855444058333635,0.4747806529265915
-1.69,0.06223941336200556,0.74179707989955,0.7013548426872163,0.4883488586990252
-1.685,0.0629101957892423,0.763264799751747,0.7202512672778831,0.5039187549036958
-1.68,0.06363309500972054,0.7880256042541697,0.7423449766628578,0.5216877188401191
-1.675,0.064410246828541,0.816044968798423,0.7677119570602702,0.5418750488285013
-1.67,0.06524401190292878,0.8471503152191964,0.7963557081485144,0.5647192796105543
-1.665,0.0661369934247608,0.8809523072146581,0.8281532276085681,0.5904720523300533
-1.66,0.06709205710457719,0.9167426916958031,0.8627796952806174,0.6193865201644536
-1.655,0.06811235372900223,0.9533730665693613,0.8996091535593583,0.651697382325013
-1.65,0.06920134460591915,0.9891317673880605,0.9375939097805588,0.6875885420032057
-1.645,0.07036283026075499,1.0216569702529155,0.9751370039281587,0.7271432344072839
-1.64,0.07160098280404617,1.04795006931097,1.009991876287906,0.7702707258982284
-1.635,0.07292038245648022,1.0645710308485337,1.0392494951549611,0.8166043603462161
-1.63,0.07432605879456516,1.068080044922341,1.059494363528622,0.8653697103192983
-1.625,0.07582353736995323,1.0557087556987177,1.0672020386746706,0.915231741580268
-1.62,0.07741889246068553,1.0261039605250282,1.0593814602758251,0.9641492656531587
-1.615,0.0791188068360751,0.9798610530361791,1.0343307923220022,1.0092938413345145
-1.61,0.08093063956209058,0.919573880646373,0.992237518815505,1.0471202838406546
-1.605,0.08286250304503541,0.8493247244047517,0.9353317016455054,1.0736833735954017
-1.6,0.08492335071300278,0.7738118454356067,0.867469957448036,1.085244396005355
-1.595,0.08712307697294414,0.697463855060343,0.7933035441803152,1.0790816247251573
-1.59,0.08947263136328122,0.6238272676137142,0.7173691889264929,1.0542542218241526
-1.585,0.09198414915632858,0.5553236210440998,0.6434136837891201,1.011989849303403
-1.58,0.09467110106142809,0.49330599634018235,0.5740842764827124,0.9554834118541078
-1.575,0.09754846515069449,0.43827811191937716,0.5109380575860372,0.8891714189306796
-1.57,0.10063292468879159,0.3901557019326527,0.4546387668908172,0.8177909996418041
-1.565,0.10394309621295632,0.34849864729638313,0.40521470981628716,0.7455748480301034
-1.56,0.10749979299895798,0.31268644291883196,0.3622975214777758,0.6757849641962035
-1.555,0.11132632998517514,0.2820364428977203,0.32530761073796305,0.6105940180549967
-1.55,0.11544887733554404,0.2558758716642644,0.29358196221220123,0.5512046101187176
-1.545,0.11989687113016093,0.23358090105689505,0.2664537945112747,0.49807562767267344
-1.54,0.12470349120807905,0.21459427064800535,0.24329715690373185,0.4511600912957497
-1.535,0.12990621797713145,0.19842996368221869,0.22354826287282797,0.410105239668384
-1.53,0.13554748207090164,0.18467069764869462,0.20671252900024709,0.3744000648060934
-1.525,0.14167542307943945,0.17296187318699974,0.19236349315314863,0.34347406048460905
-1.52,0.14834477618599914,0.16300415590124365,0.18013757629045815,0.3167578520598138
-1.515,0.1556179083341764,0.15454591020967323,0.16972708955325705,0.2937169687460033
-1.51,0.16356602836756573,0.14737611323606686,0.160872858070213,0.2738680577383964
-1.505,0.17227059811900097,0.14131802702280016,0.15335718777664692,0.2567843384805609
-1.5,0.18182497312650772,0.13622371020305127,0.1469975150573282,0.24209490087117672
-1.495,0.19233630157117082,0.1319693460368911,0.14164085781178637,0.22948079447423203
-1.49,0.20392770658669485,0.1284513141330525,0.13715906698589989,0.218669705872695
-1.485,0.21674076769338246,0.12558291453905523,0.13344481849459097,0.20943026626252387
-1.48,0.23093829759069903,0.12329165090981334,0.13040826100945005,0.20156655601924628
-1.475,0.24670737427842632,0.12151698579089215,0.12797422964926658,0.19491308450869488
-1.47,0.26426252509179676,0.12020849092120006,0.12607993993102506,0.18933035493824804
-1.465,0.2838488527443339,0.11932432627505773,0.1246730850911276,0.1847010302214323
-1.46,0.3057447197477976,0.11882999199328828,0.12371027012029669,0.18092666717068548
-1.455,0.330263331255351,0.11869730678685358,0.12315572601928132,0.17792496421656595
-1.45,0.3577521278319054,0.11890357462285098,0.12298025713156019,0.17562746078803776
-1.445,0.38858825414024534,0.11943090851932474,0.12316038265103359,0.17397762754323112
-1.44,0.4231674334811609,0.12026568618184444,0.1236776404872067,0.1729292917236192
-1.435,0.46188229372801604,0.12139811715186771,0.12451802766937134,0.17244534867296732
-1.43,0.5050845795455114,0.12282190525433098,0.12567155651002712,0.17249671772569403
-1.425,0.5530239903411074,0.12453399357246096,0.12713190996805412,0.17306150756217345
-1.42,0.6057553242694365,0.12653438207026216,0.1288961831930521,0.1741243624483967
-1.415,0.6630067863144022,0.12882601044022787,0.1309647012215529,0.17567596642605676
-1.41,0.7240086268584515,0.13141470087277435,0.1333409053466399,0.17771268750824118
-1.405,0.7872968094112281,0.13430915730795018,0.1360313028932698,0.18023634833205715
-1.4,0.8505346235831899,0.1375210194105556,0.13904547708713647,0.18325411361192515
-1.395,0.9104336096054706,0.14106497106836324,0.1423961554782649,0.1867784882195157
-1.39,0.9628867909820961,0.14495890470284387,0.14609933703464612,0.19082742287545826
-1.385,1.0034153663512504,0.14922414414861346,0.15017447961024477,0.19542452734696797
-1.38,1.0279342739795094,0.15388573034084432,0.154644751061914,0.20059939375674504
-1.375,1.033666388175447,0.15897277558050596,0.15953734887895815,0.20638803514482112
-1.37,1.0198744147978205,0.1645188937472126,0.16488389482552912,0.2128334467675219
-1.365,0.9880810266370146,0.1705627155055948,0.17072091279425639,0.21998629968526184
-1.36,0.9416665363071114,0.17714849928827084,0.17709039982404093,0.2279057778087557
-1.355,0.8850340356570005,0.18432685058541604,0.18404050200880753,0.2366605704228865
-1.35,0.8226979513156232,0.19215556371929565,0.19162630873018985,0.24633003174918155
-1.345,0.7585959123093058,0.2007006016323848,0.1999107801194336,0.25700551646050834
-1.34,0.6957414428843207,0.2100372299257234,0.20896582360013857,0.2687918938189203
-1.335,0.6361729344205684,0.2202513208785035,0.21887353529402234,0.28180923105859945
-1.33,0.5810833799260462,0.23144084053316824,0.2297276201868784,0.2961946153447111
-1.325,0.5310210723407935,0.2437175256624209,0.24163499996950163,0.31210404782317724
-1.32,0.4860895962619601,0.25720874521190756,0.25471760736136706,0.32971428490501953
-1.315,0.4461133423649228,0.27205951899503844,0.2691143473226201,0.34922440896209717
-1.31,0.41076001143996,0.28843462938470027,0.2849831739535385,0.37085676533098316
-1.305,0.3796242622630823,0.30652070092281286,0.3025031795526925,0.39485667954918546
-1.3,0.3522810461702193,0.3265280252438327,0.3218765078927505,0.4214900332081867
-1.295,0.32831729357939715,0.34869175542287134,0.34332977039540524,0.4510372839985161
-1.29,0.30734907859804644,0.3732718574379694,0.3671144370711045,0.4837818153326837
-1.285,0.2890295300649187,0.4005508492005007,0.3935053596438913,0.519989553987424
-1.28,0.2730511343044985,0.4308278312724322,0.42279611723069643,0.5598756132835155
-1.275,0.2591448358073106,0.4644065640844378,0.45528920232197606,0.6035524593097666
-1.27,0.24707746476024006,0.5015743328746488,0.4912781385089336,0.6509532266678946
-1.265,0.2366484287598568,0.5425670812435807,0.5310174334566022,0.7017243869977666
-1.26,0.22768622097513513,0.5875149637792372,0.5746749329581358,0.7550859888385979
-1.255,0.22004505354757392,0.6363615923294317,0.6222600433388906,0.8096682056311811
-1.25,0.21360177523256246,0.6887510038685338,0.6735213616797081,0.8633532968801003
-1.245,0.20825314291404073,0.7438809412932498,0.7278103256436653,0.9131828846743957
-1.24,0.20391346539439115,0.8003326956507182,0.7839165304386222,0.9554231176107117
-1.235,0.2005126102544822,0.855909898084038,0.8398989324955711,0.9858899180709791
-1.23,0.19799435131636706,0.9075512468084813,0.8929668915589756,1.0005845535735314
-1.225,0.19631502949174284,0.9514148321743814,0.9394996612767591,0.9965532367696961
-1.22,0.19544249995699436,0.983236754017676,0.9753106224667005,0.9727075883884637
-1.215,0.19535534146952466,0.9990043553108916,0.9962252615463848,0.930253716519317
-1.21,0.19604230792719493,0.9958366960485139,0.9989193663758605,0.8724973835941159
-1.205,0.19750200721749672,0.9727883423450836,0.9817846244071347,0.8040865387776923
-1.2,0.19974279757862545,0.9312235679051807,0.9454699114339663,0.7300161958203625
-1.195,0.20278289685837858,0.8745560306856207,0.8928232373021845,0.6547702679709879
-1.19,0.20665070505168717,0.8074525744322991,0.8282330916589461,0.581819593203715
-1.185,0.21138534517451624,0.7348436232313941,0.7566554129735611,0.5134888120909968
-1.18,0.21703743167763803,0.6611023246240595,0.682708466337256,0.45107728471671543
-1.175,0.2236700788570293,0.5895853960589376,0.6100929591845002,0.3950955531276318
-1.17,0.23136016345559424,0.5225291108227589,0.5413872718139908,0.345515578324742
-1.165,0.24019985482274908,0.46118089357797454,0.47812146362311025,0.30198201706472855
-1.16,0.2502984208734101,0.40603300833948286,0.420992360611795,0.2639684336626221
-1.155,0.26178430587051876,0.3570638429495806,0.37011027679654085,0.23088213875559813
-1.15,0.2748074523021293,0.3139394208522846,0.3252160934895194,0.20212877717155386
-1.145,0.2895417968716111,0.2761616744298405,0.2858464879960525,0.17714849307316657
-1.14,0.30618779911153204,0.2431678547962691,0.2514476650316845,0.1554334712744697
-1.135,0.32497474403141824,0.21439190707957434,0.22144733775819003,0.13653403299017788
-1.13,0.3461623732487655,0.18929903909540302,0.19529649933068954,0.12005815568030934
-1.125,0.37004110730664114,0.1674027053872041,0.17249097802835078,0.10566753997473179
-1.12,0.3969296775045263,0.14827074434455978,0.1525802950422814,0.09307213231446332
-1.115,0.427168328323775,0.13152524166181473,0.13516902891999727,0.08202421336911209
-1.11,0.4611048176101493,0.1168390612028997,0.11991408347971876,0.07231265865320319
-1.105,0.4990691923922607,0.10393084938333633,0.1065199731139558,0.06375767149064207
-1.1,0.5413318102143313,0.09255957108970239,0.09473338174880241,0.05620610906570586
-1.095,0.5880376076991299,0.08251916149260097,0.08433770269206414,0.04952742192913106
-1.09,0.6391089938750629,0.07363358845850419,0.07514792752816737,0.04361017485761113
-1.085,0.6941116610396253,0.06575244931112857,0.06700604996543409,0.038359092699417195
-1.08,0.7520849995898324,0.058747129041693075,0.05977703463683256,0.03369256661040261
-1.075,0.8113556075757367,0.05250749571634125,0.05334533798489548,0.029540556534634672
-1.07,0.8693814154292215,0.04693908435756976,0.047611937209743806,0.025842830560572003
-1.065,0.9227113317999405,0.041960711544509616,0.04249181050875263,0.022547488382646867
-1.06,0.9671720153359122,0.03750246242205918,0.03791180933739381,0.019609723131188615
-1.055,0.9983717271565236,0.03350399558183897,0.033808866286894654,0.016990782575462236
-1.05,1.0125039103377977,0.02991311696734936,0.030128487544491805,0.014657096814912536
-1.045,1.0072533076369552,0.02668458020697149,0.02682348515183861,0.012579544929530522
-1.04,0.9824601004326192,0.023779076869379457,0.023852910525585958,0.010732837655953934
-1.035,0.9402284667440901,0.021162385715157026,0.021181156508771025,0.00909499704457072
-1.03,0.884410925798641,0.01880465494654221,0.018777200392535432,0.007646917312901466
-1.025,0.8197015504731496,0.016679795711219986,0.01661396483536492,0.006371993826962512
-1.02,0.7507121967237692,0.014764968732987431,0.01466777743607901,0.005255809397317161
-1.015,0.6813199119138855,0.013040148986215834,0.01291791294689786,0.004285868944690669
-1.01,0.6143764927482889,0.011487755875692632,0.01134620481710252,0.0034513751367539103
-1.005,0.5517121631898957,0.01009233850107782,0.009936715010343633,0.0027430388789719197
-1.,0.49430566841849777,0.008840307342665263,0.008675452909087604,0.002152919605577563
-0.995,0.4425089062314108,0.00771970516145672,0.007550135670088836,0.0016742912013233194
-0.99,0.39625769814101974,0.006720011112716273,0.006549983679023701,0.0013015301236037817
-0.985,0.3552395514662147,0.005831973071379775,0.005665545816376454,0.001030022915131996
-0.98,0.31901380425393266,0.005047463996193036,0.00488855012890038,0.000856090822259114
-0.975,0.2870909677785742,0.004359358847401576,0.004211776233645497,0.0007769296821065563
-0.97,0.25898134944884305,0.0037614291451767206,0.003628946391307261,0.0007905636287230438
-0.965,0.23422238325502892,0.003248252733345498,0.0031346326945435113,0.0008958115078237685
-0.96,0.21239208959173322,0.002815136712375591,0.002724178243104218,0.0010922651927419455
-0.955,0.19311398137904076,0.0024580518409367666,0.0023936305361153833,0.001380279270992709
-0.95,0.17605699676890252,0.0021735769882483065,0.0021396856150380362,0.001760971830225153
-0.945,0.16093275940587998,0.0019588524593558486,0.0019596417489411203,0.002236236322525956
-0.94,0.14749158593616452,0.0018115412203564955,0.001851361675315296,0.0028087647348574523
-0.935,0.13551808040393587,0.0017297972269860482,0.001813242601859465,0.0034820825486098403
-0.93,0.12482678646724159,0.0017122402134139346,0.0018441933435253367,0.004260596240785855
-0.925,0.1152581410601725,0.0017579364332272894,0.0019436181197747834,0.005149654371712406
-0.92,0.10667483732315627,0.00186638496542783,0.002111406673973487,0.00615562362874337
-0.915,0.09895862650502393,0.0020375093082931964,0.002347930504096855,0.007285981562744836
-0.91,0.09200754596048476,0.002271654086262594,0.0026540451150819716,0.008549428176436785
-0.905,0.08573353916805204,0.0025695867924086,0.0030310983216223553,0.009956019015168295
-0.9,0.0800604250025573,0.0029325045841918484,0.0034809447492661636,0.011517322988315164
-0.895,0.07492217184775923,0.0033620462456177163,0.004005966804657417,0.013246608833303461
-0.89,0.0702614342223166,0.0038603095271846884,0.004609102516101753,0.015159064948284081
-0.885,0.06602831345908489,0.004429874178787817,0.005293880787053187,0.017272058292355716
-0.88,0.06217930849660254,0.005073831102862845,0.006064464761709576,0.019605439218065155
-0.875,0.05867642739074726,0.005795818178658186,0.0069257041783234025,0.022181900499995043
-0.87,0.0554864344135781,0.006600063447140446,0.007883197787450669,0.025027400502700328
-0.865,0.052580211431476245,0.007491436503735791,0.008943367145468832,0.028171662445152196
-0.86,0.04993221560215723,0.008475509127633686,0.010113543365747383,0.03164876412763286
-0.855,0.04752001831035671,0.00955862638733318,0.011402068729757023,0.03549783535524037
-0.85,0.04532391271233214,0.010747989709168685,0.012818415438841317,0.039763883683442657
-0.845,0.04332657932823887,0.01205175368671368,0.014373324237232424,0.04449877307840721
-0.84,0.04151280085977216,0.013479138753853337,0.016078966173714813,0.04976238465229635
-0.835,0.03986921886673679,0.015040562254558078,0.017949131411917885,0.05562399376526604
-0.83,0.03838412615446107,0.016747790932034132,0.01999944977019693,0.062163903331163534
-0.825,0.037047289742961134,0.01861411844595133,0.02224764859870301,0.06947537876777377
-0.82,0.03584980014190578,0.02065457222936899,0.024713854716155885,0.07766693498558283
-0.815,0.03478394337120744,0.02288615484151047,0.027420948470763915,0.08686502880377928
-0.81,0.03384309276952002,0.025328125988312446,0.030394979604154472,0.09721720891886651
-0.805,0.03302161814229327,0.028002332605017534,0.033665656536585466,0.10889576611039795
-0.8,0.03231481023430276,0.03093359586563636,0.03726692301510952,0.12210190222534531
-0.795,0.031718818883039984,0.03415016575131638,0.041237638837429515,0.13707038699128743
-0.79,0.03123060353107228,0.037684255928563955,0.04562238464677497,0.15407457983245854
-0.785,0.030847895057742845,0.041572674219385326,0.05047241464252444,0.17343153292793845
-0.78,0.03056916814222,0.04585756695151194,0.055846785497908474,0.1955066211304515
-0.775,0.03039362359865632,0.05058729901641607,0.061813694796770804,0.22071670452104636
-0.77,0.03032118033700517,0.05581749557751578,0.06845206777008528,0.24953013810978786
-0.765,0.03035247680620405,0.061612276063494294,0.07585343671818118,0.2824608982268754
-0.76,0.0304888819759985,0.06804571627710791,0.08412416261224283,0.3200525950296749
-0.755,0.0307325161155464,0.07520357993061046,0.0933880517976975,0.3628461483951792
-0.75,0.031086281837137388,0.08318536621608719,0.1037894203824359,0.4113225978111642
-0.745,0.03155390609824171,0.09210672423439765,0.1154966512062626,0.46581058365185535
-0.74,0.03213999410160914,0.10210228662347173,0.12870626727712176,0.5263481571371715
-0.735,0.032850096309060564,0.11332897074651321,0.14364750143988117,0.5924939745824278
-0.73,0.03369079009889558,0.1259697816075234,0.16058725910558752,0.6630984420180699
-0.725,0.034669777959925485,0.14023811847843395,0.17983522442092803,0.736075610863414
-0.72,0.03579600453939692,0.15638252446754666,0.20174861249505407,0.8082602031755741
-0.715,0.03707979536226145,0.17469170497845526,0.22673566540590062,0.8754737918497607
-0.71,0.038533020633112716,0.195499446284392,0.2552563496758259,0.9329203567743929
-0.705,0.040169288241037424,0.2191887428229577,0.2878177384759956,0.9759385945957147
-0.7,0.042004170937410795,0.24619392456234773,0.32496014896686165,1.0009562757340633
-0.695,0.044055473678401166,0.27699877467468537,0.36722819904177895,1.006316095737686
-0.69,0.04634354835494628,0.31212743843531127,0.4151186736496346,0.992625352038134
-0.685,0.048891664617718836,0.3521232598518018,0.4689950206547164,0.9624856656644291
-0.68,0.051726447295590706,0.39750856163435777,0.5289578979306545,0.9197559901364268
-0.675,0.05487839306422581,0.4487161244155732,0.5946653930822419,0.8686804295437504
-0.67,0.05838248161559915,0.5059816976516114,0.6651099344266522,0.8131795469919455
-0.665,0.06227889968434388,0.5691884496324461,0.738386409780764,0.7564420591639021
-0.66,0.066613899978791,0.6376626594962743,0.8115278422635458,0.7007990983197049
-0.655,0.0714408214101791,0.7099402493370939,0.8805272965754337,0.6477867375475317
-0.65,0.07682130205142539,0.7835592954344238,0.9406715994051646,0.5982974330324385
-0.645,0.08282672196365806,0.8549786364562239,0.9872368375524131,0.5527500239134374
-0.64,0.08953991926015024,0.9197520868891427,1.016425184214982,0.5112408789435038
-0.635,0.09705722916874995,0.9730564421623605,1.026235820175893,0.4736626353434326
-0.63,0.10549090165431045,1.0105428673916965,1.0169103717701493,0.43979024266783023
-0.625,0.11497195696152575,1.0292860143502347,0.990763561343691,0.4093396504148498
-0.62,0.1256535377226719,1.028469970421226,0.9515054656876428,0.3820057934381764
-0.615,0.13771480671784775,1.0095142148825174,0.9033708244696099,0.35748588892273
-0.61,0.1513654137199133,0.975603028016269,0.8503713037711716,0.33549278932167237
-0.605,0.16685050119073885,0.9308581403139903,0.7958368268124284,0.3157618589424355
-0.6,0.18445611778373636,0.8794976163537014,0.7422492419555189,0.2980537863473878
-0.595,0.2045147306434734,0.8252291742840411,0.6912811987357582,0.2821549517483577
-0.59,0.22741022675715766,0.770952735344291,0.6439386170392383,0.2678764056144143
-0.585,0.25358130373052823,0.7187166110147596,0.6007309315471244,0.2550521297310172
-0.58,0.28352138122911164,0.6698243346136625,0.5618268288639587,0.24353699571815732
-0.575,0.31777200812781015,0.6250008999838776,0.5271788089867449,0.23320466913915844
-0.57,0.356905102006129,0.5845603395206599,0.4966147361021427,0.22394560076625197
-0.565,0.40148723962409233,0.5485471370241076,0.4699011727908404,0.21566517990033507
-0.56,0.452016909924239,0.5168439092584838,0.44678512471423554,0.20828208395528444
-0.555,0.5088240791621319,0.4892479126788903,0.42702039428873906,0.2017268345236149
-0.55,0.5719227089156896,0.46552265116821634,0.4103835256284228,0.1959405567363679
-0.545,0.6408147696156978,0.44543123939437945,0.3966830315666543,0.1908739319552904
-0.54,0.7142638149080367,0.42875718300439863,0.38576450207596424,0.18648633115012503
-0.535,0.7900906129918168,0.4153169062515263,0.3775133632649772,0.1827451161108128
-0.53,0.8650869074391649,0.4049671380876847,0.3718564606999241,0.179625096923159
-0.525,0.9351715697110159,0.3976092989483306,0.368763226814337,0.17710813628943206
-0.52,0.995882680773061,0.393192313182783,0.36824690532244486,0.17518289394823278
-0.515,1.0431756612792453,0.3917147561055313,0.37036609829213374,0.1738447074492461
-0.51,1.0743134712478142,0.39322686782985283,0.37522673286547903,0.17309560878083985
-0.505,1.0885116742778853,0.3978326678679017,0.3829843764852936,0.17294447981012845
-0.5,1.0870661712494256,0.40569212725244586,0.3938466217198249,0.1734073531938727
-0.495,1.0729343423130633,0.41702303955747044,0.40807496633844187,0.17450786939186164
-0.49,1.0499910475026197,0.43210181186452756,0.42598516959012317,0.17627790470119334
-0.485,1.0222701228615045,0.4512617911025869,0.4479443927571624,0.1787583898492809
-0.48,0.9934135707433591,0.474886855066202,0.4743624378211513,0.18200034360452222
-0.475,0.9663946699007195,0.5033967324927875,0.505672996261173,0.18606615095854115
-0.47,0.9434650723471761,0.5372188144777241,0.542298993505691,0.1910311204023697
-0.465,0.926233183125025,0.5767391693649537,0.584594058224979,0.1969853590659294
-0.46,0.9157899483455957,0.6222235348063757,0.6327505435583735,0.2040360069290691
-0.455,0.9128254949688283,0.6736984520952084,0.6866649966022715,0.21230987004966456
-0.45,0.9177051096340978,0.7307859225322939,0.7457575605138049,0.22195648458979803
-0.445,0.9304892898604225,0.7924960803640604,0.8087569962573674,0.23315162306722353
-0.44,0.9508918651293299,0.8570061500948261,0.8734920007260775,0.2461012131409468
-0.435,0.9781776897240791,0.9214918970781021,0.9367706591843518,0.2610455636958708
-0.43,1.0110133683724591,0.9821198711926241,0.9944664789288238,0.2782636616832066
-0.425,1.0473063381355507,1.0343245517074113,1.04192371733591,0.2980770835743496
-0.42,1.0841003044042652,1.073438227658812,1.0747031912896319,0.32085270946526656
-0.415,1.1176277425671444,1.0955895563596776,1.0895126287199586,0.3470028687137228
-0.41,1.1436240476951371,1.0985959406954198,1.0849957591709276,0.37698069728492967
-0.405,1.1579438579724601,1.0824870209759432,1.0620408771385346,0.41126725558456934
-0.4,1.1573756010232783,1.0494254414364381,1.0234740923230226,0.4503452832163474
-0.395,1.1403881031931022,1.0030792550009415,0.9732981821060034,0.4946524344300036
-0.39,1.1074926747445715,0.9477423360802977,0.9158131207208535,0.5445048808528827
-0.385,1.0610502918792708,0.8875389200661536,0.8549164977853723,0.5999814565438378
-0.38,1.0046199456642864,0.8259123628352009,0.7937153493009086,0.6607614725095752
-0.375,0.9421399310864035,0.7654238481204847,0.7344241491511043,0.725919942430601
-0.37,0.8772377044708254,0.7077784346558084,0.6784485384576731,0.7937070099690543
-0.365,0.8128227111789741,0.6539704931760939,0.6265523061967804,0.8613756594152475
-0.36,0.7509600458184482,0.6044641720836446,0.579036822110331,0.9251640966961003
-0.355,0.6929361212373921,0.5593603901758828,0.5358966153820066,0.9805571712507039
-0.35,0.6394155597332036,0.5185305689459907,0.49693911970078164,1.0228993392808334
-0.345,0.5906159777300569,0.4817143676976081,0.4618697188246508,1.0482840846478607
-0.34,0.5464615136311785,0.44858644957167715,0.43034847218470734,1.0544533385762924
-0.335,0.5067013276962817,0.41879952911461904,0.4020258355339907,1.0413445002519273
-0.33,0.470993431727306,0.392010529945524,0.37656375914094786,1.0110407799054257
-0.325,0.4389600481580519,0.367895327369398,0.35364708239964626,0.9671648917640728
-0.32,0.41022187916376557,0.3461560992150774,0.3329887512166437,0.9140046138736548
-0.315,0.3844177855855223,0.32652408184520504,0.3143312669385797,0.855708770323105
-0.31,0.36121488591311257,0.3087596000514639,0.29744595372344923,0.795761804265823
-0.305,0.34031265048282977,0.29265058014679857,0.28213105825938545,0.7367697923540837
-0.3,0.32144341318486713,0.2780103061650552,0.268209310466204,0.6804784610572788
-0.295,0.30437087858205153,0.2646748818136889,0.2555253217198851,0.6279151505635437
-0.29,0.2888876177798856,0.2525006688327177,0.24394303590243938,0.5795688662149812
-0.285,0.2748121570427428,0.24136185105975494,0.2333433476777647,0.5355583809750293
-0.28,0.2619860113618363,0.23114819849912083,0.22362194075154307,0.4957675532767629
-0.275,0.25027085643333785,0.2217630605673304,0.21468736234514196,0.45994457361588936
-0.27,0.2395459349136183,0.2131215915129881,0.20645932939527983,0.4277699559855036
-0.265,0.22970573454744295,0.20514919666195003,0.19886725105484843,0.3989004931250815
-0.26,0.22065794229885133,0.19778018103418277,0.19184894705960504,0.37299604835516253
-0.255,0.21232166050689893,0.1909565791019643,0.18534954000290166,0.3497347231216552
-0.25,0.20462586229208146,0.1846271441782471,0.17932050000468713,0.32882048336348324
-0.245,0.1975080601377499,0.17874647700395813,0.17371882173624595,0.3099860891328017
-0.24,0.19091316138896586,0.17327427485207506,0.16850631570466593,0.29299323084852935
-0.235,0.1847924858937317,0.16817468447306005,0.16364899778043973,0.27763110554679693
-0.23,0.1791029232837429,0.1634157442343358,0.1591165629825829,0.26371420915779925
-0.225,0.17380620994199902,0.1589689027278042,0.15488193142173995,0.25107981798345685
-0.22,0.16886830824516263,0.15480860287149828,0.15092085599987307,0.23958543676330532
-0.215,0.16425887304822462,0.15091192209083815,0.14721158296344997,0.22910636685314412
-0.21,0.15995079252813868,0.1472582605304638,0.14373455771104557,0.21953347141165225
-0.205,0.1559197923992433,0.14382907043005982,0.1404721693804945,0.21077116832603832
-0.2,0.15214409416045857,0.14060762081363176,0.13740852870359505,0.202735654780822
-0.195,0.14860411945005153,0.13757879251005906,0.13452927443729729,0.19535335262293646
-0.19,0.1452822337918358,0.13472889926219944,0.1318214043781239,0.18855955632684956
-0.185,0.14216252404239133,0.13204553130997215,0.1292731275585592,0.1822972624414958
-0.18,0.13923060471687687,0.1295174183656766,0.12687373472582905,0.1765161590371212
-0.175,0.13647344910400425,0.12713430935145373,0.12461348462843003,0.17117175470536458
-0.17,0.13387924169900406,0.1248868666515431,0.12248350399573063,0.16622462839324478
-0.165,0.13143724900467352,0.1227665729564571,0.12047569940101507,0.16163978335022403
-0.16,0.12913770619008436,0.12076564905138854,0.11858267945703252,0.15738609049498137
-0.155,0.12697171746728925,0.11887698113479644,0.11679768601272214,0.15343580843324722
-0.15,0.12493116835936244,0.11709405645166016,0.11511453320642265,0.14976416911541524
-0.145,0.12300864829767513,0.11541090619482616,0.11352755338969947,0.1463490196879439
-0.14,0.12119738221017717,0.11382205477182063,0.11203154907128235,0.1431705124639176
-0.135,0.11949116995220416,0.11232247465733092,0.11062175014613146,0.14021083612603247
-0.13,0.11788433259238235,0.11090754615653942,0.10929377577342173,0.13745398229619366
-0.125,0.11637166470314497,0.10957302149436021,0.10804360035180713,0.13488554247855605
-0.12,0.11494839192201514,0.10831499272269396,0.10686752311288295,0.13249253112597567
-0.115,0.113610133149339,0.10712986300400813,0.10576214091610284,0.1302632312111653
-0.11,0.11235286683324544,0.10601432088651583,0.10472432388208648,0.12818705921938137
-0.105,0.11117290086549833,0.10496531723533166,0.10375119354753598,0.12625444693344753
-0.1,0.11006684567446298,0.10398004452639356,0.10284010326498633,0.12445673776668256
-0.095,0.10903159015521485,0.10305591824663973,0.101988620605238,0.12278609572553084
-0.09,0.10806428012318545,0.10219056017574507,0.10119451155036566,0.12123542536046814
-0.085,0.10716229901779165,0.10138178335236117,0.10045572629130582,0.11979830129882538
-0.08,0.10632325061715794,0.10062757855186052,0.09977038646677414,0.11846890615306437
-0.075,0.10554494355512414,0.09992610212357245,0.09913677370011828,0.11724197576828219
-0.07,0.10482537745788664,0.09927566505384272,0.09855331930808998,0.11611275091795223
-0.065,0.10416273054043448,0.09867472313732666,0.09801859507075655,0.11507693468105948
-0.06,0.10355534852289057,0.09812186815304504,0.09753130496518166,0.11413065484013152
-0.055,0.10300173474435663,0.09761581995417076,0.09709027777732378,0.11327043073099008
-0.05,0.10250054136726053,0.09715541939150105,0.09669446051706244,0.11249314405367611
-0.045,0.10205056157879286,0.09673962200030639,0.09634291257055314,0.11179601322191456
-0.04,0.1016507227080789,0.09636749238890296,0.09603480053238495,0.11117657088733533
-0.035,0.10130008018846709,0.09603819927502692,0.09576939366743152,0.11063264432587722
-0.03,0.1009978123039338,0.09575101112302087,0.09554605995895032,0.11016233841855799
-0.025,0.10074321566726545,0.09550529234108855,0.09536426270552163,0.10976402099812842
-0.02,0.10053570138553661,0.09530050000353787,0.09522355763490845,0.10943631036790322
-0.015,0.10037479187558287,0.09513618106810187,0.09512359050796221,0.10917806483004444
-0.01,0.10026011829879283,0.09501197006317157,0.09506409519035482,0.10898837408840065
-0.005,0.10019141859070632,0.09492758722418143,0.09504489217427052,0.10886655241626814
0.,0.10016853606671655,0.09488283706250301,0.09506588753628852,0.10881213350262384
0.005,0.10019141859070631,0.09487760735409276,0.09512707232160023,0.10882486691195078
0.01,0.10026011829879283,0.0949118685388612,0.09522852234847343,0.10890471611314596
0.015,0.10037479187558285,0.09498567352532644,0.09537039843056516,0.10905185805254017
0.02,0.10053570138553657,0.09509915789863825,0.0955529470183325,0.10926668426514112
0.025,0.10074321566726546,0.09525254053355432,0.09577650126445059,0.10954980353718295
0.03,0.1009978123039337,0.09544612461747072,0.09604148252187347,0.1099020461522669
0.035,0.10130008018846706,0.09568029909218417,0.09634840228700176,0.11032446977317303
0.04,0.10165072270807887,0.09595554052676811,0.09669786460442098,0.11081836703217121
0.045,0.10205056157879286,0.09627241543779846,0.0970905689538886,0.1113852749247537
0.05,0.10250054136726053,0.09663158307724762,0.09752731364473702,0.11202698612558068
0.055,0.10300173474435662,0.09703379871271635,0.09800899974769892,0.11274556237153499
0.06,0.10355534852289047,0.0974799174293629,0.09853663559940115,0.11354335008565947
0.065,0.10416273054043451,0.09797089848798349,0.09911134192051957,0.11442299844799084
0.07,0.10482537745788659,0.0985078102792766,0.09973435759489838,0.11538748015559117
0.075,0.10554494355512414,0.0990918359204694,0.10040704616394386,0.11644011515521613
0.08,0.10632325061715793,0.09972427954729615,0.10113090309839136,0.11758459767895005
0.085,0.10716229901779169,0.10040657336190782,0.10190756391826825,0.11882502696688199
0.09,0.1080642801231855,0.10114028550578469,0.10273881324166625,0.12016594212273754
0.095,0.1090315901552148,0.10192712883626748,0.10362659485398024,0.12161236161982823
0.1,0.11006684567446295,0.10276897069607918,0.10457302290176015,0.12316982805748475
0.105,0.11117290086549829,0.10366784377738911,0.10558039432948982,0.12484445886438814
0.11,0.11235286683324548,0.10462595819577428,0.10665120269372524,0.12664300375738718
0.115,0.11361013314933903,0.1056457149051522,0.107788153507407,0.12857290989542033
0.12,0.1149483919220152,0.10672972060267436,0.10899418128817243,0.1306423958215283
0.125,0.11637166470314497,0.10788080429305857,0.11027246850857281,0.13286053546582238
0.13,0.11788433259238235,0.10910203570530774,0.11162646667374168,0.13523735369354228
0.135,0.11949116995220416,0.11039674578170994,0.11305991978387334,0.1377839351308887
0.14,0.12119738221017713,0.11176854949002425,0.11457689047553699,0.14051254829401114
0.145,0.12300864829767516,0.11322137124549196,0.11618178917822063,0.14343678739157115
0.15,0.12493116835936244,0.11475947327060415,0.117879406671526,0.14657173457825168
0.155,0.12697171746728925,0.11638748726832754,0.11967495048529263,0.1499341459166312
0.16,0.1291377061900844,0.11811044983988007,0.12157408565097425,0.1535426648709441
0.165,0.13143724900467343,0.11993384214248567,0.12358298038946265,0.15741806782317405
0.17,0.1338792416990041,0.1218636343573917,0.12570835741016748,0.16158354688622945
0.175,0.13647344910400422,0.12390633562569167,0.1279575516008242,0.16606503620866517
0.18,0.13923060471687687,0.12606905021137108,0.13033857500994017,0.17089158903930912
0.185,0.14216252404239127,0.12835954077014672,0.13286019016725029,0.17609581406626434
0.19,0.14528223379183583,0.1307862997422395,0.13553199295590798,0.18171438097780554
0.195,0.14860411945005153,0.13335863005095813,0.13836450644798265,0.1877886068194288
0.2,0.1521440941604586,0.13608673648133016,0.1413692873476429,0.19436513653307624
0.205,0.15591979239924333,0.1389818293392907,0.14455904696066593,0.2014967330246929
0.21,0.15995079252813868,0.14205624225840469,0.1479477889323074,0.20924319413017747
0.215,0.16425887304822462,0.1453235663351894,0.1515509663771588,0.21767241577284363
0.22,0.16886830824516286,0.14879880314456292,0.1553856614750522,0.2268616221324235
0.225,0.17380620994199908,0.15249853962406862,0.15947079113871362,0.2368987842705937
0.23,0.1791029232837429,0.15644114833123834,0.16382734298601823,0.2478842475401699
0.235,0.18479248589373173,0.16064701718657395,0.16847864658856154,0.2599325838749591
0.24,0.19091316138896575,0.1651388135307496,0.17345068583684553,0.2731746755186253
0.245,0.19750806013775,0.16994178816617167,0.17877245928005112,0.2877600184264167
0.25,0.20462586229208157,0.17508412603862455,0.1844763964847913,0.3038592010214307
0.255,0.21232166050689893,0.18059735136338478,0.19059883983048082,0.3216664587946872
0.26,0.22065794229885133,0.1865167963293632,0.19718060273204918,0.34140211458622033
0.265,0.22970573454744292,0.19288214403726137,0.20426761705575075,0.3633145690986267
0.27,0.2395459349136183,0.19973805804571107,0.21191168445230657,0.38768127833643923
0.275,0.2502708564333377,0.20713491279571206,0.22017134841855968,0.41480780509510834
0.28,0.2619860113618364,0.21512964120655076,0.2291129059973476,0.44502350892023823
0.285,0.2748121570427427,0.2237867177752547,0.23881157991595625,0.4786716831430383
0.29,0.2888876177798857,0.23317929735876347,0.24935287326013245,0.5160909062676938
0.295,0.3043708785820517,0.24339053110785294,0.26083412882948986,0.5575830468438157
0.3,0.3214434131848669,0.2545150811355796,0.2733663130425206,0.6033618928464723
0.305,0.3403126504828296,0.26666085342005574,0.2870760379079488,0.65347525089878
0.31,0.36121488591311246,0.2799509625089422,0.3021078213633964,0.7076937023401343
0.315,0.3844177855855227,0.2945259291729666,0.3186265618010257,0.7653631585710445
0.32,0.4102218791637655,0.3105460890876275,0.33682015999416187,0.8252292517368981
0.325,0.438960048158052,0.3281941504224888,0.3569021503612898,0.8852630506575488
0.33,0.4709934317273058,0.3476777709112193,0.37911408759790194,0.9425501729217505
0.335,0.506701327696282,0.36923191545709155,0.40372725056126035,0.9933397430674387
0.34,0.5464615136311783,0.39312058120002924,0.43104293907289154,1.0333592801928877
0.345,0.590615977730057,0.4196372060174707,0.46139020488970406,1.0584468209571476
0.35,0.6394155597332031,0.4491026644493346,0.49511921782880497,1.0654114183463548
0.355,0.6929361212373925,0.4818591460444598,0.5325875616083304,1.0528571704316534
0.36,0.7509600458184474,0.5182573447403367,0.5741355466071196,1.0216241362619305
0.365,0.8128227111789744,0.5586332239863505,0.6200451773482764,0.974624293942222
0.37,0.8772377044708262,0.6032692020610834,0.6704760146492206,0.9161362110108943
0.375,0.9421399310864031,0.6523331763283442,0.7253706059162522,0.8508682230067253
0.38,1.0046199456642857,0.7057880687387654,0.7843240527306974,0.7831407923556315
0.385,1.0610502918792728,0.7632660175508698,0.8464194508830333,0.7163926722271766
0.39,1.1074926747445717,0.8239075973683194,0.9100471077122229,0.6530264721862941
0.395,1.140388103193105,0.8861811839471893,0.9727532600701517,0.5944929678966171
0.4,1.1573756010232759,0.9477238099704056,1.0311997825216421,0.5414902071076259
0.405,1.1579438579724584,1.0052802151430662,1.0813420619671632,0.49418436656866904
0.41,1.143624047695138,1.054845695157635,1.118912199131941,0.45240215259477434
0.415,1.1176277425671417,1.0921072137561196,1.1401933989138842,0.4157773542692646
0.42,1.0841003044042643,1.113188083418226,1.1429001502724492,0.3838525702843253
0.425,1.047306338135551,1.115535561649674,1.1268354986901117,0.3561446351833449
0.43,1.0110133683724611,1.098633840938758,1.0940200729361795,0.3321836171230228
0.435,0.9781776897240795,1.0642181166347342,1.0482163226627454,0.31153392408412894
0.44,0.9508918651293287,1.0158711718113347,0.9940616963576375,0.2938039817241115
0.445,0.9304892898604211,0.9581814119527635,0.9361684553634676,0.2786490046421828
0.45,0.9177051096340968,0.895816759598436,0.8784744284111541,0.2657698565141623
0.455,0.9128254949688288,0.8328226375395333,0.8239424484381346,0.25490989952330473
0.46,0.9157899483455951,0.7722702369543928,0.7745499302869464,0.2458509917462986
0.465,0.9262331831250249,0.7162125362122814,0.731447363770985,0.23840930883452788
0.47,0.9434650723471765,0.6658285725363712,0.6951761672928493,0.23243136293781264
0.475,0.9663946699007204,0.6216405621089723,0.6658770970476358,0.22779040683996904
0.48,0.99341357074336,0.5837281871762439,0.6434585995063521,0.22438330236187493
0.485,1.0222701228615014,0.5519046418665472,0.6277189521758058,0.22212787087306232
0.49,1.0499910475026213,0.5258459835891831,0.6184276747007205,0.220960711799974
0.495,1.0729343423130666,0.5051788159200369,0.6153750926402246,0.22083546060629275
0.5,1.0870661712494312,0.48953585621643547,0.6183981763312669,0.2217214535263246
0.505,1.0885116742778864,0.4785888849645289,0.6273883794799464,0.223602767847194
0.51,1.0743134712478164,0.472066760293812,0.6422843950869269,0.22647761100674574
0.515,1.043175661279246,0.469764053814288,0.6630499945982244,0.23035803750962425
0.52,0.9958826807730596,0.4715439992333663,0.689634567395494,0.23526997857119805
0.525,0.9351715697110151,0.4773379751586883,0.7219118050104306,0.24125357466330133
0.53,0.8650869074391664,0.48714260982169433,0.7595906940369953,0.24836380497396968
0.535,0.790090612991818,0.5010146758008158,0.8020938116042016,0.2566714092272835
0.54,0.7142638149080381,0.5190631037531973,0.8484031217720337,0.26626409491451764
0.545,0.6408147696156992,0.541436560813323,0.8968863313334771,0.27724801456678316
0.55,0.5719227089156885,0.5683040079785081,0.9451403605415831,0.2897494798248216
0.555,0.5088240791621331,0.5998244156792046,0.9899213006193678,0.3039168464149111
0.56,0.4520169099242388,0.6361004351356083,1.0272596518071164,0.31992244855954255
0.565,0.4014872396240925,0.6771096012377258,1.0528559282155387,0.33796437049886324
0.57,0.3569051020061298,0.722606375180608,1.0627773113244663,0.3582676983802858
0.575,0.31777200812781037,0.771990641974974,1.054322990681858,0.3810846713986714
0.58,0.28352138122911197,0.8241458787765669,1.02676346027647,0.40669281020425163
0.585,0.25358130373052834,0.8772665977258813,0.9816225528790476,0.435389595983908
0.59,0.22741022675715805,0.9287220483259665,0.9223444958625907,0.4674815515107322
0.595,0.20451473064347356,0.9750373109697742,0.8534829608453709,0.5032645918258809
0.6,0.18445611778373666,1.0120956071159335,0.7797547815306007,0.5429912750322817
0.605,0.16685050119073888,1.0356420959950146,0.7052880065101869,0.5868192452643191
0.61,0.15136541371991308,1.042066161844493,0.6332213609203682,0.6347341929586697
0.615,0.13771480671784786,1.029269864521685,0.5656310218486534,0.6864411404721197
0.62,0.12565353772267204,0.9972930832784686,0.5036669456067953,0.7412218262550763
0.625,0.11497195696152593,0.948396929207793,0.44777588025689574,0.7977665321133189
0.63,0.10549090165431049,0.8865410679140324,0.397926862650526,0.8540092645395801
0.635,0.09705722916875006,0.8164811538059158,0.3537980923639656,0.9070262927917413
0.64,0.08953991926015029,0.7428518027422419,0.3149141844300851,0.9530909250620304
0.645,0.08282672196365798,0.6695197836223487,0.280738364875808,0.9879870234385152
0.65,0.07682130205142537,0.5992993389120413,0.2507296759597144,1.0076320463326307
0.655,0.07144082141017907,0.5339628965333504,0.2243754763230047,1.0089256514451466
0.66,0.06661389997879105,0.47441915776771854,0.20120766156933462,0.9905668996954584
0.665,0.06227889968434392,0.42094535942723965,0.18080877266756346,0.9534968357142878
0.67,0.05838248161559914,0.3734041410796717,0.16281219681975467,0.9007386291221897
0.675,0.05487839306422582,0.33141538757976075,0.1468991818713128,0.8366888832812076
0.68,0.05172644729559071,0.29447856843683584,0.132794348976821,0.7661664780128699
0.685,0.04889166461771878,0.26205282858811163,0.12026070095375786,0.6935762845509281
0.69,0.04634354835494631,0.23360540923941195,0.10909468536787036,0.6224022796005183
0.695,0.044055473678401194,0.20863824304607784,0.09912160093675797,0.5550507433591942
0.7,0.04200417093741078,0.1867004434659902,0.09019147447422154,0.492941403662338
0.705,0.04016928824103744,0.1673921934664353,0.0821754430746888,0.4367178212615406
0.71,0.03853302063311269,0.15036371921187058,0.07496262606971911,0.38647956977188536
0.715,0.03707979536226144,0.13531169952313776,0.06845744652691618,0.3419835429338775
0.72,0.03579600453939693,0.12197454681419026,0.06257735209093779,0.30279633838269754
0.725,0.03466977795992553,0.11012739644519963,0.05725088326658839,0.2683991175654522
0.73,0.033690790098895584,0.09957726362523545,0.05241603988787933,0.23825421096460045
0.735,0.03285009630906055,0.09015859628113136,0.048018901192300255,0.21184406444948647
0.74,0.03213999410160914,0.08172931620787996,0.0440124603056766,0.18869161976575646
0.745,0.03155390609824171,0.07416736393667503,0.04035563931851639,0.16836896386203073
0.75,0.031086281837137388,0.06736772203616559,0.037012456134299,0.15049899090402782
0.755,0.03073251611554638,0.06123987234685275,0.033951318734845165,0.1347531902613687
0.76,0.0304888819759985,0.05570563581709629,0.031144426394787074,0.12084751277943502
0.765,0.03035247680620404,0.050697343592009184,0.02856726070497439,0.1085374874069357
0.77,0.030321180337005163,0.046156291470270006,0.0261981520820273,0.09761325727924708
0.775,0.030393623598656327,0.04203143484216045,0.02401790980844584,0.08789489104210667
0.78,0.030569168142219983,0.038278286656050806,0.022009505626555965,0.07922813631370428
0.785,0.030847895057742863,0.03485798624106253,0.020157802558418782,0.07148067244589952
0.79,0.031230603531072286,0.031736511652537144,0.018449321994985966,0.06453885906855737
0.795,0.03171881888304001,0.028884012489141433,0.016872043236913156,0.05830494588589807
0.8,0.03231481023430276,0.026274243836641318,0.015415230615593772,0.05269469561798199
0.805,0.03302161814229324,0.023884085154178766,0.014069284109117113,0.047635368293112525
0.81,0.03384309276952,0.02169313058791139,0.012825610021579413,0.04306401672177697
0.815,0.034783943371207424,0.0196833394355892,0.011676508838425609,0.03892604720509975
0.82,0.03584980014190578,0.017838737355140813,0.01061507782427451,0.03517400478394109
0.825,0.037047289742961134,0.016145160467151684,0.009635126308676798,0.031766547749271845
0.83,0.03838412615446109,0.01459003579552533,0.008731101922411284,0.028667581257425908
0.835,0.03986921886673685,0.013162192566163206,0.007898026312910483,0.02584552451606186
0.84,0.041512800859772186,0.011851699777270018,0.007131439091002991,0.023272690057266877
0.845,0.04332657932823884,0.010649726198115814,0.006427348949619456,0.020924757097418943
0.85,0.04532391271233215,0.009548419571849563,0.005782191054405601,0.018780323941076704
0.855,0.04752001831035674,0.008540802313925754,0.005192789941266589,0.016820526876231725
0.86,0.04993221560215726,0.007620681428830059,0.004656327270824904,0.015028715092720012
0.865,0.05258021143147627,0.006782570728892187,0.004170313888006984,0.013390172894035848
0.87,0.0554864344135781,0.006021623742300399,0.0037325657193168905,0.011891881919422639
0.875,0.05867642739074722,0.005333575953094213,0.0033411831131717586,0.010522317295551933
0.88,0.06217930849660255,0.004714695232264173,0.002994533291955149,0.009271272636303597
0.885,0.06602831345908486,0.004161739503055911,0.0026912356398703973,0.008129709639838093
0.89,0.07026143422231665,0.003671920840911157,0.0024301495996770276,0.0070896287234446485
0.895,0.07492217184775926,0.0032428753439812026,0.0022103649951989244,0.006143957712824808
0.9,0.08006042500255726,0.0028726382278468432,0.002031194636174119,0.005286456083698248
0.905,0.0857335391680519,0.0025596237013790243,0.0018921690985133455,0.004511632656570036
0.91,0.09200754596048483,0.00230260927248784,0.0017930336071996745,0.003814674983971163
0.915,0.09895862650502402,0.002100724215351645,0.0017337469816703116,0.003191388954879848
0.92,0.10667483732315639,0.001953442006810785,0.0017144826353090292,0.002638147382789847
0.925,0.11525814106017268,0.0018605766109429764,0.001735631652352848,0.0021518465498457724
0.93,0.12482678646724167,0.0018222825592452293,0.001797807997787116,0.0017298698561362229
0.935,0.13551808040393598,0.001839058841070687,0.0019018559493955336,0.0013700578760861195
0.94,0.14749158593616477,0.001911756686711836,0.002048859876813281,0.0010706842575268348
0.945,0.16093275940588003,0.0020415913955081854,0.002240156531034223,0.0008304370173722329
0.95,0.17605699676890246,0.0022301584353888963,0.0024773500502684163,0.0006484048942779969
0.955,0.1931139813790411,0.0024794541202808372,0.002762329935376484,0.0005240685161868788
0.96,0.2123920895917334,0.0027919012599661734,0.0030972923015175832,0.0004572962319315988
0.965,0.2342223832550291,0.003170380275690795,0.0034847647735263944,0.00044834454353659105
0.97,0.25898134944884255,0.003618266386900928,0.003927635462513812,0.0004978631618594825
0.975,0.2870909677785739,0.004139473603188984,0.0044291865421926795,0.0006069047950278596
0.98,0.3190138042539316,0.004738506404718867,0.004993133037762588,0.0007769398690744774
0.985,0.35523955146621405,0.005420520168676377,0.005623667550593478,0.0010098764756878561
0.99,0.3962576981410197,0.006191391604164764,0.0063255117717302516,0.0013080859457084313
0.995,0.4425089062314113,0.007057800700085056,0.007103975790378013,0.0016744345618416405
1.,0.494305668418497,0.008027325977944554,0.007965026384837476,0.002112322053359529
1.005,0.5517121631898966,0.009108555183965895,0.0089153656986665,0.0026257276631781747
1.01,0.6143764927482896,0.010311213964168136,0.009962521961227542,0.003219264748161545
1.015,0.6813199119138857,0.011646315556638578,0.011114954217836842,0.0038982450721900454
1.02,0.7507121967237718,0.013126335124508049,0.012382173400919266,0.004668754184887426
1.025,0.8197015504731515,0.014765413062402371,0.013774882512606078,0.005537739554672947
1.03,0.8844109257986436,0.016579592464102667,0.015305139216575534,0.00651311345238476
1.035,0.9402284667440906,0.01858709697082653,0.01698654477140266,0.00760387297248287
1.04,0.9824601004326199,0.020808656465191692,0.01883446400205513,0.008820240046633012
1.045,1.007253307636955,0.02326788957983243,0.02086628192795888,0.010173824866131375
1.05,1.0125039103378017,0.025991753803842138,0.02310170377836667,0.011677816805655284
1.055,0.9983717271565232,0.029011076154708212,0.025563106468063188,0.013347207756101983
1.06,0.967172015335914,0.0323611800054343,0.028275951225371375,0.015199053758998948
1.065,0.9227113317999417,0.03608262678804975,0.03126926901411065,0.01725278202551256
1.07,0.8693814154292194,0.04022209500668252,0.034576232733073455,0.019530551863098877
1.075,0.8113556075757355,0.044833423344429496,0.038234832977849166,0.02205767977405701
1.08,0.7520849995898309,0.04997884966403294,0.04228867747931492,0.024863141093193486
1.085,0.6941116610396261,0.05573048333860168,0.04678793825317547,0.027980163065641314
1.09,0.6391089938750629,0.062172054428513465,0.051790475046059735,0.03144692730702658
1.095,0.5880376076991293,0.0694009893285999,0.05736316883681636,0.0353074032162489
1.1,0.5413318102143313,0.07753086781584072,0.06358350484071991,0.03961233820048812
1.105,0.4990691923922611,0.08669431939946606,0.07054145038523348,0.04442043557530189
1.11,0.4611048176101496,0.0970464148112796,0.07834167858247433,0.04979975672127457
1.115,0.4271683283237752,0.10876859675859117,0.08710619278550531,0.05582939041093172
1.12,0.39692967750452623,0.1220731649943031,0.09697740735988257,0.06260143887263721
1.125,0.37004110730664097,0.13720827174824318,0.10812173383445078,0.07022337649932332
1.13,0.3461623732487654,0.1544632744428315,0.12073370213733929,0.07882084192212509
1.135,0.3249747440314177,0.17417410181957332,0.1350406046890822,0.08854092525004141
1.14,0.3061877991115321,0.19672796918845756,0.15130757096967784,0.099556005794126
1.145,0.289541796871611,0.22256625871821892,0.16984283705550357,0.11206817505996973
1.15,0.2748074523021292,0.2521835666564962,0.1910027303954282,0.12631423446390136
1.155,0.2617843058705187,0.2861196970957997,0.2151954880072035,0.14257116969006056
1.16,0.25029842087341014,0.32493964938625514,0.242882386211195,0.16116184624244312
1.165,0.24019985482274941,0.3691944018095282,0.2745736785073182,0.18246040095685795
1.17,0.2313601634555943,0.419352835339088,0.31081540358056087,0.20689635872251275
1.175,0.2236700788570294,0.4756934423393433,0.3521611703587308,0.23495579357070553
1.18,0.217037431677638,0.538145749013605,0.3991206594645883,0.26717676546920577
1.185,0.2113853451745164,0.6060796626413761,0.4520743545734772,0.3041346811402095
1.19,0.2066507050516871,0.6780617032791404,0.5111434007582996,0.34641109227906797
1.195,0.20278289685837858,0.751634148275003,0.5760074629237082,0.39453691952537046
1.2,0.19974279757862548,0.8232208719954107,0.6456768061125604,0.44889887421999536
1.205,0.19750200721749683,0.8882960113866862,0.7182527995416937,0.5095977061178384
1.21,0.19604230792719488,0.9419205289693919,0.7907543187508612,0.5762522861473046
1.215,0.19535534146952488,0.9796176589657132,0.8591322570161041,0.6477596893922674
1.22,0.19544249995699425,0.9983529075127878,0.9186034101317819,0.7220534687756253
1.225,0.19631502949174284,0.9972422112213906,0.964358493092959,0.7959488400378416
1.23,0.19799435131636686,0.9776803560638917,0.9925225372967639,0.8652058586808415
1.235,0.20051261025448247,0.9428552577351998,1.0010503385551968,0.9249370955279606
1.24,0.2039134653943907,0.8969000839845966,0.9901836324434176,0.9703862911164082
1.245,0.20825314291404073,0.8440375342360695,0.9622739506123813,0.997911242587635
1.25,0.21360177523256213,0.787968027606786,0.9210834008425435,1.0058230800410497
1.255,0.22004505354757406,0.7315737396897728,0.8708916646229989,0.9947259941752192
1.26,0.22768622097513486,0.6768784578564486,0.815734823290815,0.9672227435982675
1.265,0.23664842875985714,0.6251573546109327,0.7589439329322306,0.9271574160772544
1.27,0.24707746476023976,0.5771045051727539,0.7029828969928715,0.8787384590963594
1.275,0.25914483580731035,0.5330002997125262,0.6494937832520014,0.825838878360506
1.28,0.2730511343044983,0.49285179874154317,0.5994448805248118,0.7716014199226632
1.285,0.2890295300649186,0.4564989297690464,0.5533045359422342,0.7183231855347882
1.29,0.3073490785980459,0.4236893469956588,0.511198559262398,0.6675225910259588
1.295,0.3283172935793968,0.394128328292278,0.47303504511530664,0.6200902984142652
1.3,0.35228104617021916,0.3675103594975096,0.43859530975591937,0.5764560317930539
1.305,0.3796242622630811,0.34353801160331454,0.40759612084545616,0.536735819079038
1.31,0.4107600114399595,0.3219323667690147,0.3797300721613204,0.5008472463166083
1.315,0.4461133423649217,0.3024380278010397,0.3546904056194594,0.46859288476554256
1.32,0.4860895962619597,0.28482478486079593,0.3321852891980771,0.4397172626711021
1.325,0.5310210723407918,0.2688873119699326,0.3119452231904246,0.41394388659108505
1.33,0.581083379926045,0.2544437775687798,0.293726132249207,0.3909981329550348
1.335,0.6361729344205682,0.24133392404469786,0.2773098599574444,0.37062058175144075
1.34,0.6957414428843214,0.22941695430662098,0.26250318511283194,0.3525741290291797
1.345,0.7585959123093029,0.2185694235513306,0.24913607033438012,0.33664720103531676
1.35,0.8226979513156244,0.20868324577318487,0.23705958189634385,0.3226546340827815
1.355,0.8850340356569988,0.19966386963421193,0.2261437429613298,0.3104372469492953
1.36,0.9416665363071164,0.19142864512253652,0.21627546968508016,0.2998607660109518
1.365,0.9880810266370146,0.18390538309847065,0.20735666926204896,0.29081452010916853
1.37,1.0198744147978154,0.1770310992095432,0.1993025360720265,0.28321016472326327
1.375,1.0336663881754489,0.17075092842298595,0.19204005681040268,0.27698059572980704
1.38,1.0279342739795079,0.16501719445207227,0.18550672136889104,0.2720791524670626
1.385,1.0034153663512513,0.1597886182992288,0.17964942909116147,0.2684791747342623
1.39,0.9628867909820946,0.15502965116838446,0.17442357717994536,0.26617395981287306
1.395,0.9104336096054716,0.15070991860161564,0.16979231778817117,0.26517715755952914
1.4,0.8505346235831883,0.1468037645690981,0.1657259716388813,0.2655236398375753
1.405,0.7872968094112308,0.1432898862176256,0.16220158825516018,0.2672708817015468
1.41,0.7240086268584515,0.1401510519770003,0.15920264567930265,0.27050089267216915
1.415,0.6630067863144016,0.13737389770455405,0.1567188857312002,0.27532273337561647
1.42,0.6057553242694373,0.13494879752012243,0.15474628432473098,0.28187564044699037
1.425,0.553023990341109,0.1328698079744916,0.153287160128503,0.2903327527291669
1.43,0.5050845795455111,0.13113468624818672,0.15235042897554837,0.30090537151097785
1.435,0.4618822937280169,0.1297449852526404,0.15195201598206415,0.31384757647835143
1.44,0.42316743348116054,0.12870623087302394,0.15211544243656344,0.32946082563868717
1.445,0.38858825414024434,0.12802818923473952,0.1528726102847466,0.3480978441932958
1.45,0.35775212783190574,0.1277252348909123,0.15426481356839278,0.370164585702511
1.455,0.3302633312553518,0.127816834327802,0.15634401354314836,0.39611823718420275
1.46,0.3057447197477977,0.12832816329535476,0.15917442236922855,0.42645803078945976
1.465,0.28384885274433463,0.1292908813302181,0.16283444902150243,0.46170393005729704
1.47,0.26426252509179726,0.13074409259373582,0.16741906983578314,0.5023561020843329
1.475,0.24670737427842696,0.13273552893436236,0.1730426937195525,0.548825808376991
1.48,0.23093829759069898,0.13532299900088796,0.17984259627974944,0.6013269805216452
1.485,0.21674076769338252,0.13857615628443498,0.1879829939600678,0.659719570150686
1.49,0.20392770658669523,0.14257864896490258,0.19765981181393744,0.7233047613512669
1.495,0.19233630157117088,0.1474307248267579,0.20910615510511787,0.790593476815109
1.5,0.18182497312650817,0.15325237407322734,0.22259840634562206,0.8591063137183156
1.505,0.17227059811900086,0.16018709923247276,0.2384627048863071,0.9253080354254646
1.51,0.16356602836756562,0.16840640016241804,0.2570812778803433,0.9848057592607666
1.515,0.15561790833417644,0.17811504576598397,0.27889760776100114,1.0329005850308226
1.52,0.1483447761859992,0.18955715935974754,0.3044186416699288,1.0654447523634007
1.525,0.14167542307943942,0.2030230499876852,0.3342110452106256,1.0797613771093544
1.53,0.1355474820709018,0.2188565422421446,0.36888674817039746,1.0752660712943858
1.535,0.12990621797713162,0.23746223742450556,0.4090706753605903,1.0535197486379935
1.54,0.12470349120807896,0.2593115968945162,0.4553408267044753,1.0177129575307693
1.545,0.119896871130161,0.2849458589937164,0.5081286454681742,0.9718416409072425
1.55,0.11544887733554399,0.3149724403973475,0.5675680235842493,0.9199082724532464
1.555,0.11132632998517525,0.35004949378213357,0.6332883427115965,0.8653705374095999
1.56,0.10749979299895804,0.3908506695550681,0.7041663189123337,0.8108893838888764
1.565,0.10394309621295636,0.43799918540570343,0.7780875722639841,0.7583110800378929
1.57,0.10063292468879148,0.49195817987496915,0.8518172336095955,0.708781816865136
1.575,0.0975484651506945,0.5528656427854113,0.9211147498160251,0.6629100129660958
1.58,0.09467110106142806,0.620311667187477,0.9812041049368803,0.6209245657389264
1.585,0.09198414915632862,0.6930794321075147,1.0275861883985826,0.5828057947749716
1.59,0.08947263136328125,0.76891251253678,1.0569824283239193,0.5483836650770271
1.595,0.08712307697294402,0.8444208690245218,1.0680552704771027,0.5174065683111402
1.6,0.08492335071300283,0.9152641031315747,1.0616038388445077,0.48958689487424245
1.605,0.08286250304503537,0.9767024931632289,1.0401819369173422,0.46462969499949786
1.61,0.08093063956209065,1.0244554567610293,1.0073545198967107,0.44224966489187945
1.615,0.07911880683607515,1.0556099254860716,0.9669139731399338,0.4221804021155545
1.62,0.07741889246068553,1.0692224389814093,0.9222944294888158,0.40417872804421523
1.625,0.07582353736995329,1.066372131764259,0.8762631419269304,0.388025981887665
1.63,0.07432605879456505,1.0496899753109277,0.8308461147148527,0.3735275426746708
1.635,0.07292038245648014,1.0226176328848495,0.7873984601838021,0.36051138596152144
1.64,0.07160098280404616,0.9886951423374114,0.7467374964879958,0.3488261796824585
1.645,0.07036283026075503,0.951065469761633,0.7092847056872015,0.33833922497160507
1.65,0.06920134460591913,0.9122356883379797,0.6751895696865506,0.3289344199302372
1.655,0.06811235372900226,0.874038530576183,0.6444263810609285,0.3205103435618932
1.66,0.06709205710457719,0.8377102200099247,0.6168647029758938,0.31297850716855374
1.665,0.06613699342476081,0.8040144901599635,0.5923180158986114,0.30626179044482904
1.67,0.06524401190292878,0.7733692507425973,0.5705758581340309,0.30029306208769013
1.675,0.06441024682854102,0.745955215056569,0.5514241776498515,0.29501397523719963
1.68,0.06363309500972057,0.7218003752896457,0.5346576089885515,0.2903739234343729
1.685,0.06291019578924231,0.7008416365577118,0.5200864043754889,0.28632914108157914
1.69,0.0622394133620055,0.682967768005726,0.5075399377769562,0.2828419323910651
1.695,0.061618821158901986,0.6680482738265542,0.49686808976528135,0.27988001374270455
1.7,0.061046688094104254,0.6559522071414321,0.4879413838983391,0.2774159557739717
1.705,0.06052146650092072,0.6465600771508871,0.4806504430627959,0.27542671311275857
1.71,0.060041781606115605,0.6397711630782612,0.47490513033319637,0.27389323127550935
1.715,0.05960642241450612,0.6355078604837765,0.4706336040012374,0.27280012180177904
1.72,0.05921433389519324,0.6337181599109881,0.4677814286843929,0.27213539814017584
1.725,0.05886461037834567,0.6343769688336928,0.4663108282629279,0.2718902661257106
1.73,0.058556490087402366,0.6374866990379684,0.46620013099466673,0.2720589640972615
1.735,0.05828935074618739,0.6430773167884414,0.46744343505723124,0.27263864880785016
1.74,0.0580627062140298,0.6512058594030076,0.4700505087773406,0.2736293242965292
1.745,0.0578762041147999,0.6619552284418163,0.47404693016625643,0.27503381183828324
1.75,0.057729624438048785,0.675431845848459,0.4794744621128036,0.2768577599881537
1.755,0.05762287910239994,0.6917614720541386,0.48639164996049294,0.2791096946090222
1.76,0.057556012483202204,0.7110820980530143,0.4948746142306817,0.2818011096408254
1.765,0.05752920291843061,0.7335322999991212,0.5050179891770008,0.284946600254418
1.77,0.05754276521914285,0.7592327584684609,0.5169359224532771,0.2885640409585351
1.775,0.05759715422368482,0.7882578068325706,0.5307629949477914,0.2926748122166546
1.78,0.05769296944854811,0.8205929940568977,0.5466548318906728,0.2973040802063902
1.785,0.0578309609035741,0.8560740486740155,0.564788041008517,0.30248113554248257
1.79,0.058012036155380045,0.8943030342694889,0.5853589087792344,0.3082397981111955
1.795,0.05823726874078701,0.934540257020123,0.6085799821510023,0.3146188966542836
1.8,0.05850790805203919,0.9755777830939514,0.6346732236221042,0.32166283341765134
1.805,0.058825390838168554,1.0156148243646113,0.6638578131870435,0.3294222460609151
1.81,0.05919135449248617,1.052177944116678,0.6963298554807709,0.33795478111563204
1.815,0.05960765232548202,1.0821555962120928,0.7322302599937967,0.3473259955677179
1.82,0.060076371056094355,1.10203096606701,0.7715960534849878,0.3576104055738275
1.825,0.060599850793209495,1.1083703737647435,0.8142897939073375,0.3688927037927232
1.83,0.0611807078243767,1.0985300971196343,0.8599025372485731,0.3812691691137855
1.835,0.061821860581249784,1.0713971749533955,0.9076297103079554,0.3948492943312929
1.84,0.06252655921263928,1.0278674013638835,0.9561288948657873,0.4097576579303295
1.845,0.06329841926796285,0.97080590035183,1.0033867143211488,0.4261360646095324
1.85,0.06414146007838976,0.9044597622771142,1.0466489908290368,0.44414597384418464
1.855,0.06506014852254567,0.8335596112055119,1.082496355492247,0.4639712241156665
1.86,0.0660594489812702,0.7624634021281856,1.1071546088901043,0.4858210383665511
1.865,0.06714488042521052,0.6946012836801758,1.117081639020569,0.5099332575385508
1.87,0.06832258174435925,0.6322854648195723,1.1097503712835246,0.5365776841617218
1.875,0.0695993866253114,0.5767978137700056,1.0843886980638937,0.5660593124992731
1.88,0.07098290951646374,0.5286182464563074,1.0423563986789344,0.5987210544665038
1.885,0.07248164450143116,0.48768176586321293,0.9869462996035661,0.6349453109385101
1.89,0.07410507923612987,0.45360104995043965,0.9226654137440898,0.6751533442260106
1.895,0.07586382650684123,0.4258325336501807,0.8542975123915806,0.7198008258478379
1.9,0.07776977644916475,0.40378773167238324,0.7860984280206678,0.7693671046845293
1.905,0.07983627304815522,0.38690119494787834,0.7213316026158814,0.8243346186741448
1.91,0.08207831923872637,0.37466796622963755,0.662155734418566,0.8851534775564908
1.915,0.08451281576747005,0.3666613696730281,0.6097539327215434,0.952184765911227
1.92,0.08715883999217441,0.36253907126733087,0.5645707000608886,1.0256151152482202
1.925,0.09003797201898192,0.36204273072431775,0.5265587040930668,1.1053358017624204
1.93,0.09317467705088361,0.36499456371037897,0.49538510169563965,1.1907842591112914
1.935,0.09659675459319023,0.371292719371393,0.4705828319850231,1.2807576143898793
1.94,0.1003358672856372,0.38090640658631514,0.45165139192059794,1.373229476987332
1.945,0.10442816466505121,0.39387101315511885,0.43811856171482566,1.465231362939567
1.95,0.10891502016497526,0.41028291345976386,0.42957494632536597,1.5528866520815787
1.955,0.11384390317909668,0.43029313157222854,0.42569097875238393,1.631680314764766
1.96,0.11926941207965401,0.45409841275997365,0.42622328056481895,1.6969794455878509
1.965,0.1252544986656257,0.4819274625347339,0.4310148474065302,1.7446878660781433
1.97,0.13187191949661348,0.5140190652506376,0.43999162436287576,1.7717968844779866
1.975,0.1392059546503271,0.550587479200621,0.45315658073543014,1.7766085823868805
1.98,0.1473544390235827,0.5917690591555098,0.4705812171867598,1.758607124500756
1.985,0.15643115426252396,0.6375429522056997,0.49239336031886644,1.7182009879080926
1.99,0.16656862878361728,0.6876190589606473,0.518758961748172,1.6566219188847027
1.995,0.17792138575509542,0.7412903770007748,0.549854309364165,1.5760633300412432
2.,0.19066965870630154,0.7972576562929186,0.5858235678922092,1.4798564065731006
2.005,0.205023552381735,0.8534556327942568,0.6267151044611395,1.3723889912776142
2.01,0.2212275477241081,0.9069426139399631,0.6723892769989285,1.2586503129109254
2.015,0.23956511114251752,0.9539496908054963,0.7223917111586846,1.1435527275939021
2.02,0.26036293382442793,0.9901958962942782,0.775792148788241,1.0313072392524818
2.025,0.28399394418996116,1.0115212847700426,0.8310033563679838,0.9250541459570424
2.03,0.31087763241199773,1.0147494381137412,0.8856204375488563,0.8267879427236595
2.035,0.3414753077303862,0.9985133436348745,0.9363561372461836,0.7374961512896118
2.04,0.37627658213136206,0.9636950217455527,0.9791773037169289,0.657398001833011
2.045,0.41577159404500813,0.9132545815228107,1.0097383633610346,0.5861933176784837
2.05,0.46040138914536527,0.8515134704167008,1.0241207716214074,0.5232729484570184
2.055,0.5104770372608397,0.7832064897405607,1.0197218841806837,0.46787509278229256
2.06,0.5660579303404677,0.712658164950212,0.9959763429464721,0.4191906167318899
2.065,0.6267841123587069,0.6432897033148322,0.9545804762795257,0.37642793828579296
2.07,0.6916707999766852,0.5774702135700548,0.8990933909148441,0.33884903828793245
2.075,0.7588998671611773,0.516608270542448,0.8340899944173578,0.3057863624421048
2.08,0.8256824222916465,0.46135734535944234,0.7642236591577819,0.27664788296157405
2.085,0.8883041427793388,0.41184094981037894,0.6935134019178684,0.25091532108548453
2.09,0.9424655552124402,0.36784728399907407,0.6249863102002498,0.22813877944181063
2.095,0.9839500576238192,0.3289765040810723,0.5606330875097879,0.20792979380006318
2.1,1.0094885742470676,0.2947422183986783,0.5015550403898675,0.18995398611603737
2.105,1.017524123470641,0.2646362056833477,0.44818462801900794,0.17392397131058845
2.11,1.0085534471868238,0.23816653333030727,0.40050233153824005,0.15959284376404934
2.115,0.9849019295658306,0.21487778341537048,0.35821387654701403,0.14674837558120302
2.12,0.9500619946289268,0.19435992861410595,0.32087941817606686,0.13520794856183088
2.125,0.9078968130820221,0.17625040436438175,0.2880000189711443,0.12481418323235273
2.13,0.8619875116533559,0.16023236877569458,0.2590712982113137,0.1154312005317716
2.135,0.8152546071689089,0.14603103395021436,0.23361401512400193,0.10694144180371437
2.14,0.7698400205014311,0.1334092063982779,0.21118947480282213,0.09924297264672029
2.145,0.7271634633830921,0.12216269187395483,0.19140549489132044,0.09224720112239793
2.15,0.6880613649710055,0.11211591820034847,0.17391683556501875,0.08587694800685408
2.155,0.6529431222953527,0.1031179466806761,0.15842261894009652,0.08006481460448292
2.16,0.6219300284719169,0.09503893552895602,0.14466230565466445,0.07475180126944872
2.165,0.594964391525036,0.08776705878818662,0.1324111611000212,0.0698861367786261
2.17,0.5718886524857298,0.08120585293271586,0.12147573795181914,0.0654222849006818
2.175,0.5524994945542883,0.07527194907690764,0.11168965047197037,0.0613200998790263
2.18,0.5365831197383891,0.0698931441752766,0.10290976543250353,0.05754410713366471
2.185,0.5239372510425597,0.06500676537679095,0.09501284750490464,0.054062889364729666
2.19,0.5143842274788096,0.06055828514580911,0.08789264923946255,0.05084856149636839
2.195,0.507778367617036,0.056500149345112126,0.08145741173168838,0.04787632062131837
2.2,0.504009790941848,0.05279078532716503,0.0756277319391947,0.0451240593750751
2.205,0.5030061371687066,0.04939376173772666,0.0703347503287739,0.04257203305641677
2.21,0.5047330753118475,0.04627707597969069,0.06551861443928894,0.040202572380870515
2.215,0.5091940906126473,0.04341254903034716,0.0611271778710717,0.03799983505900696
2.22,0.5164297221957305,0.04077531054353987,0.0571148989050725,0.03594959047723528
2.225,0.526516145990428,0.03834335993013541,0.05344190772194449,0.034039032662768504
2.23,0.539562707910089,0.03609719144409593,0.050073215673304035,0.032256617467880486
2.235,0.5557076636520645,0.03401947326133301,0.04697804409104544,0.030591920537468516
2.24,0.5751109239476482,0.03209477217744286,0.04412925365316177,0.029035513149631802
2.245,0.5979419878729035,0.030309316917368517,0.04150285836382854,0.027578853459193982
2.25,0.6243604341670436,0.02865079418837444,0.03907761078930502,0.02621419104337309
2.255,0.6544853385493021,0.027108172555064577,0.036834647370057316,0.024934482959165144
2.26,0.6883489184369552,0.025671550003529813,0.034757184456820564,0.02373331978334583
2.265,0.7258289563359169,0.02433202171807294,0.03283025724534438,0.02260486032650006
2.27,0.7665549847037845,0.02308156514087685,0.031040495057789354,0.021543773898899027
2.275,0.8097864655049065,0.021912939841224485,0.029375927479080962,0.020545189163951184
2.28,0.8542698266286997,0.020819600102001082,0.02782581673919616,0.01960464874898938
2.285,0.898098146755116,0.01979561845006092,0.026380512467210536,0.01871806889714237
2.29,0.9386234380697736,0.018835618624248474,0.02503132555512003,0.017881703541185075
2.295,0.9725006187685667,0.01793471669918765,0.02377041837990337,0.017092112263201877
2.3,0.9959544850255914,0.017088469271621158,0.022590709058457333,0.01634613167486306
2.305,1.0053231677752714,0.016292827775066722,0.021485787766317634,0.015640849813935855
2.31,0.9978191661566569,0.015544098122785498,0.02044984344942317,0.014973583204892001
2.315,0.9722906558366341,0.014838904992611542,0.019477599508429637,0.014341856276417025
2.32,0.9296670826251442,0.014174160163440981,0.01856425724536613,0.013743382867372238
2.325,0.8728518925540463,0.013547034394924454,0.017705446039458977,0.013176049586215577
2.33,0.8060774105615607,0.012954932411473004,0.01689717936827686,0.012637900817833789
2.335,0.7339940931339237,0.012395470611000235,0.016135815916548352,0.012127125196820417
2.34,0.6608451729409596,0.011866457169500643,0.01541802512187248,0.011642043388012488
2.345,0.5899558812084981,0.011365874255938532,0.014740756597212822,0.011181097034033373
2.35,0.5235734308084015,0.010891862109123397,0.014101212947152518,0.010742838746083623
2.355,0.46296123562337577,0.010442704760211096,0.013496825560550589,0.010325923028612287
2.36,0.4086164081433542,0.010016817211987172,0.01292523301828572,0.009929098041076724
2.365,0.3605089240693301,0.009612733909818058,0.012384261802697692,0.009551198111002857
2.37,0.31828722458228087,0.00922909835965956,0.01187190903640421,0.009191136922207955
2.375,0.2814317160291789,0.008864653766256449,0.01138632701341908,0.008847901310513965
2.38,0.24935828693450623,0.008518234580054403,0.010925809315818907,0.008520545606728165
2.385,0.2214821580252335,0.00818875885470751,0.010488778335327825,0.008208186473221957
2.39,0.1972535492547497,0.007875221328690018,0.010073774041740435,0.007909998186219142
2.395,0.17617484094280678,0.007576687154653737,0.009679443859606509,0.007625208321009262
2.4,0.1578063724256326,0.007292286209012991,0.00930453353149309,0.007353093801812398
2.405,0.14176573832830563,0.0070212079219721096,0.008947878860803674,0.007092977282018017
2.41,0.12772369886281085,0.006762696574977956,0.008608398239876431,0.006844223824060393
2.415,0.11539860383829759,0.006516047018517371,0.008285085880183693,0.006606237851337045
2.42,0.1045504295982603,0.006280600768392293,0.007977005671132603,0.006378460347369514
2.425,0.09497502419739513,0.006055742443192255,0.00768328560242435,0.0061603662798923285
2.43,0.08649885085367397,0.005840896509722359,0.007403112692326837,0.005951462229769393
2.435,0.07897434193468662,0.005635524306709007,0.0071357283707012276,0.005751284206613392
2.44,0.07227587715704484,0.00543912132025243,0.006880424271312007,0.005559395634746813
2.445,0.06629634886960234,0.005251214687280187,0.006636538392954446,0.005375385494720953
2.45,0.06094425443308772,0.00507136090572071,0.006403451593335315,0.005198866607020024
2.455,0.05614124860175004,0.004899143732304193,0.00618058438352583,0.005029474045842888
2.46,0.05182009011728746,0.004734172250839137,0.00596739399423178,0.004866863671988261
2.465,0.04792292213046123,0.004576079095541167,0.005763371688156816,0.004710710774889249
2.47,0.04439983311206794,0.004424518815526856,0.0055680402954151175,0.004560708814757245
2.475,0.0412076522561768,0.004279166367956761,0.0053809519513285204,0.0044165682566200525
2.48,0.03830894032463105,0.004139715728533989,0.005201686018051864,0.004278015488780391
2.485,0.0356711431207461,0.004005878609157798,0.005029847173346264,0.004144791818890409
2.49,0.03326588021054949,0.0038773832735090434,0.004865063651488376,0.004016652541441244
2.495,0.03106834614239677,0.0037539734422190572,0.004706985622789968,0.0038933660710119304
2.5,0.029056805315231693,0.003635407280058675,0.004555283699528518,0.0037747131361151633
